first_name,middle_name,last_name,email,date_of_birth,hire_date,department,custom_field
Bob,K.,Williams,user0@example.com,1970-01-31,2020-01-01,Marketing,77
Carol,K.,Smith,user1@example.com,1970-02-28,2020-01-02,Marketing,50
Alice,J.,Williams,user2@example.com,1970-03-31,2020-01-03,Finance,11
Bob,,Johnson,user3@example.com,1970-04-30,2020-01-04,Finance,39
Bob,K.,Williams,user4@example.com,1970-05-31,2020-01-05,Finance,61
Alice,,Williams,user5@example.com,1970-06-30,2020-01-06,Marketing,9
Bob,J.,Williams,user6@example.com,1970-07-31,2020-01-07,IT,56
Alice,K.,Smith,user7@example.com,1970-08-31,2020-01-08,Finance,60
Dave,K.,Johnson,user8@example.com,1970-09-30,2020-01-09,HR,54
Dave,J.,Smith,user9@example.com,1970-10-31,2020-01-10,IT,73
Carol,,Smith,user10@example.com,1970-11-30,2020-01-11,IT,9
Carol,J.,Johnson,user11@example.com,1970-12-31,2020-01-12,IT,63
Alice,L.,Brown,user12@example.com,1971-01-31,2020-01-13,HR,84
Dave,K.,Williams,user13@example.com,1971-02-28,2020-01-14,Marketing,6
Dave,L.,Williams,user14@example.com,1971-03-31,2020-01-15,Finance,9
Bob,K.,Brown,user15@example.com,1971-04-30,2020-01-16,HR,54
Dave,,Smith,user16@example.com,1971-05-31,2020-01-17,HR,97
Dave,L.,Johnson,user17@example.com,1971-06-30,2020-01-18,Finance,37
Bob,,Williams,user18@example.com,1971-07-31,2020-01-19,IT,29
Carol,K.,Johnson,user19@example.com,1971-08-31,2020-01-20,IT,5
Dave,K.,Brown,user20@example.com,1971-09-30,2020-01-21,IT,68
Dave,L.,Johnson,user21@example.com,1971-10-31,2020-01-22,Finance,11
Alice,L.,Williams,user22@example.com,1971-11-30,2020-01-23,HR,16
Alice,,Williams,user23@example.com,1971-12-31,2020-01-24,Finance,93
Alice,K.,Williams,user24@example.com,1972-01-31,2020-01-25,Marketing,18
Dave,K.,Johnson,user25@example.com,1972-02-29,2020-01-26,Marketing,59
Carol,K.,Johnson,user26@example.com,1972-03-31,2020-01-27,Finance,23
Bob,L.,Williams,user27@example.com,1972-04-30,2020-01-28,HR,92
Alice,,Williams,user28@example.com,1972-05-31,2020-01-29,IT,49
Bob,,Smith,user29@example.com,1972-06-30,2020-01-30,Marketing,77
Carol,J.,Smith,user30@example.com,1972-07-31,2020-01-31,Finance,56
Carol,J.,Brown,user31@example.com,1972-08-31,2020-02-01,IT,23
Carol,L.,Smith,user32@example.com,1972-09-30,2020-02-02,Marketing,93
Alice,,Johnson,user33@example.com,1972-10-31,2020-02-03,Marketing,21
Carol,J.,Smith,user34@example.com,1972-11-30,2020-02-04,Marketing,3
Alice,L.,Williams,user35@example.com,1972-12-31,2020-02-05,IT,19
Bob,L.,Johnson,user36@example.com,1973-01-31,2020-02-06,Marketing,79
Alice,,Williams,user37@example.com,1973-02-28,2020-02-07,HR,16
Dave,K.,Johnson,user38@example.com,1973-03-31,2020-02-08,IT,26
Carol,K.,Johnson,user39@example.com,1973-04-30,2020-02-09,IT,62
Carol,,Brown,user40@example.com,1973-05-31,2020-02-10,Finance,40
Carol,L.,Smith,user41@example.com,1973-06-30,2020-02-11,Marketing,3
Carol,,Smith,user42@example.com,1973-07-31,2020-02-12,Marketing,73
Bob,L.,Johnson,user43@example.com,1973-08-31,2020-02-13,IT,77
Dave,K.,Williams,user44@example.com,1973-09-30,2020-02-14,IT,89
Carol,,Williams,user45@example.com,1973-10-31,2020-02-15,Marketing,89
Alice,L.,Johnson,user46@example.com,1973-11-30,2020-02-16,IT,30
Alice,K.,Smith,user47@example.com,1973-12-31,2020-02-17,Finance,81
Dave,J.,Brown,user48@example.com,1974-01-31,2020-02-18,IT,99
Dave,L.,Williams,user49@example.com,1974-02-28,2020-02-19,IT,39
Carol,K.,Williams,user50@example.com,1974-03-31,2020-02-20,HR,87
Carol,K.,Smith,user51@example.com,1974-04-30,2020-02-21,Marketing,60
Dave,L.,Johnson,user52@example.com,1974-05-31,2020-02-22,Finance,75
Carol,J.,Brown,user53@example.com,1974-06-30,2020-02-23,HR,67
Dave,L.,Smith,user54@example.com,1974-07-31,2020-02-24,Marketing,95
Carol,J.,Smith,user55@example.com,1974-08-31,2020-02-25,Marketing,89
Carol,,Smith,user56@example.com,1974-09-30,2020-02-26,Finance,35
Carol,L.,Smith,user57@example.com,1974-10-31,2020-02-27,IT,57
Carol,J.,Williams,user58@example.com,1974-11-30,2020-02-28,IT,44
Alice,,Johnson,user59@example.com,1974-12-31,2020-02-29,Finance,69
Bob,L.,Johnson,user60@example.com,1975-01-31,2020-03-01,IT,56
Bob,L.,Smith,user61@example.com,1975-02-28,2020-03-02,Marketing,99
Carol,J.,Smith,user62@example.com,1975-03-31,2020-03-03,Finance,59
Alice,K.,Johnson,user63@example.com,1975-04-30,2020-03-04,Finance,63
Bob,J.,Williams,user64@example.com,1975-05-31,2020-03-05,HR,94
Dave,K.,Brown,user65@example.com,1975-06-30,2020-03-06,Finance,74
Alice,J.,Williams,user66@example.com,1975-07-31,2020-03-07,Marketing,32
Carol,K.,Williams,user67@example.com,1975-08-31,2020-03-08,HR,65
Alice,,Williams,user68@example.com,1975-09-30,2020-03-09,Finance,6
Bob,J.,Williams,user69@example.com,1975-10-31,2020-03-10,IT,18
Bob,J.,Smith,user70@example.com,1975-11-30,2020-03-11,Marketing,64
Bob,,Johnson,user71@example.com,1975-12-31,2020-03-12,HR,64
Dave,J.,Brown,user72@example.com,1976-01-31,2020-03-13,IT,91
Bob,J.,Brown,user73@example.com,1976-02-29,2020-03-14,IT,40
Carol,K.,Smith,user74@example.com,1976-03-31,2020-03-15,Marketing,99
Alice,K.,Smith,user75@example.com,1976-04-30,2020-03-16,Marketing,65
Carol,J.,Williams,user76@example.com,1976-05-31,2020-03-17,HR,16
Alice,K.,Smith,user77@example.com,1976-06-30,2020-03-18,HR,56
Alice,K.,Johnson,user78@example.com,1976-07-31,2020-03-19,Finance,61
Dave,L.,Johnson,user79@example.com,1976-08-31,2020-03-20,Marketing,26
Carol,,Johnson,user80@example.com,1976-09-30,2020-03-21,IT,9
Bob,L.,Williams,user81@example.com,1976-10-31,2020-03-22,HR,95
Bob,K.,Smith,user82@example.com,1976-11-30,2020-03-23,Marketing,49
Carol,L.,Brown,user83@example.com,1976-12-31,2020-03-24,Finance,27
Bob,,Johnson,user84@example.com,1977-01-31,2020-03-25,Finance,82
Carol,J.,Brown,user85@example.com,1977-02-28,2020-03-26,HR,70
Alice,K.,Johnson,user86@example.com,1977-03-31,2020-03-27,HR,65
Alice,J.,Johnson,user87@example.com,1977-04-30,2020-03-28,Finance,14
Bob,L.,Johnson,user88@example.com,1977-05-31,2020-03-29,Finance,63
Bob,K.,Brown,user89@example.com,1977-06-30,2020-03-30,HR,70
Bob,,Johnson,user90@example.com,1977-07-31,2020-03-31,HR,70
Bob,,Williams,user91@example.com,1977-08-31,2020-04-01,Finance,65
Carol,L.,Brown,user92@example.com,1977-09-30,2020-04-02,Marketing,44
Alice,,Brown,user93@example.com,1977-10-31,2020-04-03,IT,31
Carol,J.,Brown,user94@example.com,1977-11-30,2020-04-04,IT,92
Carol,,Williams,user95@example.com,1977-12-31,2020-04-05,IT,68
Alice,J.,Johnson,user96@example.com,1978-01-31,2020-04-06,HR,61
Dave,L.,Smith,user97@example.com,1978-02-28,2020-04-07,Finance,96
Dave,K.,Johnson,user98@example.com,1978-03-31,2020-04-08,Finance,71
Bob,L.,Smith,user99@example.com,1978-04-30,2020-04-09,IT,94
Alice,,Brown,user100@example.com,1978-05-31,2020-04-10,Marketing,86
Carol,J.,Brown,user101@example.com,1978-06-30,2020-04-11,HR,24
Bob,K.,Williams,user102@example.com,1978-07-31,2020-04-12,HR,34
Alice,J.,Johnson,user103@example.com,1978-08-31,2020-04-13,Finance,10
Alice,L.,Smith,user104@example.com,1978-09-30,2020-04-14,IT,74
Bob,K.,Smith,user105@example.com,1978-10-31,2020-04-15,Finance,10
Carol,J.,Williams,user106@example.com,1978-11-30,2020-04-16,IT,58
Bob,L.,Smith,user107@example.com,1978-12-31,2020-04-17,Finance,92
Bob,,Smith,user108@example.com,1979-01-31,2020-04-18,Finance,60
Carol,,Smith,user109@example.com,1979-02-28,2020-04-19,Marketing,60
Alice,,Brown,user110@example.com,1979-03-31,2020-04-20,IT,94
Bob,K.,Johnson,user111@example.com,1979-04-30,2020-04-21,Finance,13
Dave,J.,Johnson,user112@example.com,1979-05-31,2020-04-22,Finance,9
Alice,K.,Smith,user113@example.com,1979-06-30,2020-04-23,IT,75
Dave,J.,Smith,user114@example.com,1979-07-31,2020-04-24,Marketing,68
Carol,K.,Smith,user115@example.com,1979-08-31,2020-04-25,HR,14
Dave,J.,Johnson,user116@example.com,1979-09-30,2020-04-26,IT,31
Alice,,Smith,user117@example.com,1979-10-31,2020-04-27,Finance,8
Alice,J.,Johnson,user118@example.com,1979-11-30,2020-04-28,Finance,96
Dave,L.,Smith,user119@example.com,1979-12-31,2020-04-29,Finance,90
Bob,K.,Brown,user120@example.com,1980-01-31,2020-04-30,Marketing,21
Alice,J.,Williams,user121@example.com,1980-02-29,2020-05-01,Finance,69
Carol,,Johnson,user122@example.com,1980-03-31,2020-05-02,IT,60
Carol,K.,Smith,user123@example.com,1980-04-30,2020-05-03,HR,35
Bob,J.,Smith,user124@example.com,1980-05-31,2020-05-04,IT,99
Carol,,Smith,user125@example.com,1980-06-30,2020-05-05,HR,1
Bob,,Johnson,user126@example.com,1980-07-31,2020-05-06,IT,39
Carol,,Williams,user127@example.com,1980-08-31,2020-05-07,Marketing,96
Bob,K.,Brown,user128@example.com,1980-09-30,2020-05-08,Marketing,45
Carol,J.,Smith,user129@example.com,1980-10-31,2020-05-09,IT,46
Dave,,Johnson,user130@example.com,1980-11-30,2020-05-10,IT,94
Dave,L.,Smith,user131@example.com,1980-12-31,2020-05-11,IT,76
Carol,J.,Smith,user132@example.com,1981-01-31,2020-05-12,Marketing,85
Bob,K.,Johnson,user133@example.com,1981-02-28,2020-05-13,Marketing,6
Carol,J.,Johnson,user134@example.com,1981-03-31,2020-05-14,HR,87
Dave,K.,Johnson,user135@example.com,1981-04-30,2020-05-15,IT,53
Carol,L.,Smith,user136@example.com,1981-05-31,2020-05-16,Finance,16
Dave,L.,Williams,user137@example.com,1981-06-30,2020-05-17,Finance,29
Carol,K.,Brown,user138@example.com,1981-07-31,2020-05-18,IT,81
Bob,J.,Williams,user139@example.com,1981-08-31,2020-05-19,Finance,85
Bob,K.,Johnson,user140@example.com,1981-09-30,2020-05-20,Marketing,61
Carol,,Brown,user141@example.com,1981-10-31,2020-05-21,Marketing,40
Dave,K.,Smith,user142@example.com,1981-11-30,2020-05-22,Finance,79
Bob,L.,Williams,user143@example.com,1981-12-31,2020-05-23,HR,2
Bob,,Smith,user144@example.com,1982-01-31,2020-05-24,HR,9
Bob,L.,Johnson,user145@example.com,1982-02-28,2020-05-25,Finance,64
Dave,,Williams,user146@example.com,1982-03-31,2020-05-26,HR,98
Alice,L.,Brown,user147@example.com,1982-04-30,2020-05-27,Marketing,18
Dave,K.,Johnson,user148@example.com,1982-05-31,2020-05-28,IT,12
Dave,,Johnson,user149@example.com,1982-06-30,2020-05-29,Marketing,43
Bob,J.,Johnson,user150@example.com,1982-07-31,2020-05-30,HR,2
Alice,,Johnson,user151@example.com,1982-08-31,2020-05-31,IT,1
Carol,J.,Smith,user152@example.com,1982-09-30,2020-06-01,Finance,33
Carol,,Williams,user153@example.com,1982-10-31,2020-06-02,Marketing,34
Bob,J.,Smith,user154@example.com,1982-11-30,2020-06-03,IT,6
Bob,K.,Smith,user155@example.com,1982-12-31,2020-06-04,Marketing,47
Dave,K.,Smith,user156@example.com,1983-01-31,2020-06-05,Marketing,84
Carol,K.,Brown,user157@example.com,1983-02-28,2020-06-06,HR,15
Dave,K.,Brown,user158@example.com,1983-03-31,2020-06-07,Finance,26
Carol,J.,Williams,user159@example.com,1983-04-30,2020-06-08,IT,72
Dave,J.,Brown,user160@example.com,1983-05-31,2020-06-09,Marketing,43
Carol,,Smith,user161@example.com,1983-06-30,2020-06-10,IT,84
Alice,K.,Williams,user162@example.com,1983-07-31,2020-06-11,IT,56
Alice,,Johnson,user163@example.com,1983-08-31,2020-06-12,HR,57
Carol,K.,Brown,user164@example.com,1983-09-30,2020-06-13,IT,84
Carol,K.,Smith,user165@example.com,1983-10-31,2020-06-14,Marketing,71
Alice,K.,Smith,user166@example.com,1983-11-30,2020-06-15,Finance,23
Alice,,Johnson,user167@example.com,1983-12-31,2020-06-16,IT,33
Alice,J.,Brown,user168@example.com,1984-01-31,2020-06-17,Marketing,1
Bob,K.,Smith,user169@example.com,1984-02-29,2020-06-18,Marketing,69
Alice,,Johnson,user170@example.com,1984-03-31,2020-06-19,Finance,5
Carol,K.,Johnson,user171@example.com,1984-04-30,2020-06-20,HR,80
Dave,,Johnson,user172@example.com,1984-05-31,2020-06-21,Marketing,36
Dave,J.,Williams,user173@example.com,1984-06-30,2020-06-22,Finance,43
Dave,J.,Johnson,user174@example.com,1984-07-31,2020-06-23,IT,19
Alice,,Brown,user175@example.com,1984-08-31,2020-06-24,Finance,44
Bob,,Johnson,user176@example.com,1984-09-30,2020-06-25,Marketing,59
Alice,J.,Smith,user177@example.com,1984-10-31,2020-06-26,Finance,41
Alice,L.,Brown,user178@example.com,1984-11-30,2020-06-27,Marketing,66
Carol,K.,Brown,user179@example.com,1984-12-31,2020-06-28,Finance,22
Alice,J.,Smith,user180@example.com,1985-01-31,2020-06-29,IT,29
Dave,,Brown,user181@example.com,1985-02-28,2020-06-30,Marketing,74
Bob,,Johnson,user182@example.com,1985-03-31,2020-07-01,Finance,16
Dave,L.,Williams,user183@example.com,1985-04-30,2020-07-02,HR,40
Carol,L.,Smith,user184@example.com,1985-05-31,2020-07-03,Finance,16
Dave,,Brown,user185@example.com,1985-06-30,2020-07-04,IT,93
Carol,,Smith,user186@example.com,1985-07-31,2020-07-05,HR,43
Bob,,Johnson,user187@example.com,1985-08-31,2020-07-06,IT,84
Carol,L.,Johnson,user188@example.com,1985-09-30,2020-07-07,Finance,60
Bob,L.,Williams,user189@example.com,1985-10-31,2020-07-08,IT,32
Carol,L.,Brown,user190@example.com,1985-11-30,2020-07-09,HR,77
Alice,L.,Smith,user191@example.com,1985-12-31,2020-07-10,IT,67
Alice,K.,Johnson,user192@example.com,1986-01-31,2020-07-11,Marketing,14
Dave,K.,Smith,user193@example.com,1986-02-28,2020-07-12,HR,39
Dave,J.,Smith,user194@example.com,1986-03-31,2020-07-13,IT,99
Alice,K.,Smith,user195@example.com,1986-04-30,2020-07-14,Marketing,56
Alice,K.,Williams,user196@example.com,1986-05-31,2020-07-15,Marketing,56
Alice,K.,Smith,user197@example.com,1986-06-30,2020-07-16,Marketing,70
Carol,L.,Brown,user198@example.com,1986-07-31,2020-07-17,HR,63
Alice,L.,Smith,user199@example.com,1986-08-31,2020-07-18,IT,97
